McGrale,Darcee,dmcgrale0@sbwire.com
Parlatt,Nerita,nparlatt1@gnu.org
Heaffey,Brewster,bheaffey2@imageshack.us
Pybworth,Francesco,fpybworth3@issuu.com
Shire,Tansy,tshire4@photobucket.com
Ondrich,Claudetta,condrich5@youtu.be
Witty,Anallese,awitty6@businesswire.com
Guys,Kessia,kguys7@4shared.com
Peeke-Vout,Ferdinande,fpeekevout8@facebook.com
Sander,Niccolo,nsander9@goo.ne.jp
Fealty,Danya,dfealtya@meetup.com
Gierck,Chrissie,cgierckb@etsy.com
Bessom,Sandie,sbessomc@macromedia.com
Boundy,Jocelyn,jboundyd@mlb.com
Simioni,Sharla,ssimionie@hubpages.com
Rosenblath,Ira,irosenblathf@google.com.hk
Tedder,Paule,ptedderg@hc360.com
Cullingworth,Langston,lcullingworthh@cornell.edu
Yeld,Henrie,hyeldi@163.com
Rossey,Trenna,trosseyj@sun.com
Swiggs,Bengt,bswiggsk@nps.gov
Larrat,Torrie,tlarratl@ucla.edu
Prescott,Nora,nprescottm@netlog.com
Catterson,Juana,jcattersonn@jigsy.com
Rothery,Deonne,drotheryo@networksolutions.com
Cotton,Calli,ccottonp@blogtalkradio.com
Verheijden,Trixie,tverheijdenq@howstuffworks.com
Silveston,Reinaldo,rsilvestonr@ovh.net
Earey,Damien,deareys@apple.com
Barbrook,Tristam,tbarbrookt@gnu.org
De Zamudio,Em,edezamudiou@a8.net
Stallebrass,Carlin,cstallebrassv@merriam-webster.com
Bertwistle,Audi,abertwistlew@livejournal.com
Hartrick,Maisey,mhartrickx@hugedomains.com
Norker,Jessee,jnorkery@1688.com
Drynan,Kakalina,kdrynanz@netlog.com
Laughren,Durante,dlaughren10@yolasite.com
Fain,Giorgi,gfain11@theguardian.com
Kezourec,Basia,bkezourec12@google.ru
Lutwyche,Hube,hlutwyche13@homestead.com
Stannas,Devy,dstannas14@mysql.com
Rennebach,Jabez,jrennebach15@soup.io
Randles,Clywd,crandles16@ucla.edu
Birley,Thatch,tbirley17@quantcast.com
Cheetham,Bernadene,bcheetham18@instagram.com
Paskin,Marna,mpaskin19@census.gov
Fouracre,Vladamir,vfouracre1a@photobucket.com
Doring,Berty,bdoring1b@uiuc.edu
Beardall,Lavena,lbeardall1c@about.com
Helm,Audie,ahelm1d@behance.net
